<?xml version="1.0" encoding="UTF-8"?>
<manifest identifier="@@config._spoor._advancedSettings._manifestIdentifier" version="1" xmlns="http://www.imsglobal.org/xsd/imscp_v1p1" xmlns:xsi="http://www.w3.org/2001/XMLSchema-instance" xmlns:adlcp="http://www.adlnet.org/xsd/adlcp_v1p3" xmlns:adlseq="http://www.adlnet.org/xsd/adlseq_v1p3" xmlns:adlnav="http://www.adlnet.org/xsd/adlnav_v1p3" xmlns:imsss="http://www.imsglobal.org/xsd/imsss" xsi:schemaLocation="http://www.imsglobal.org/xsd/imscp_v1p1 imscp_v1p1.xsd
				http://www.adlnet.org/xsd/adlcp_v1p3 adlcp_v1p3.xsd
                http://www.adlnet.org/xsd/adlseq_v1p3 adlseq_v1p3.xsd
                http://www.adlnet.org/xsd/adlnav_v1p3 adlnav_v1p3.xsd
                http://www.imsglobal.org/xsd/imsss imsss_v1p0.xsd">
    <metadata>
        <schema>ADL SCORM</schema>
        <schemaversion>2004 4th Edition</schemaversion>
    </metadata>
    <organizations default="adapt_scorm">
        <organization identifier="adapt_scorm" adlseq:objectivesGlobalToSystem="false">
            <title><![CDATA[@@course.title]]></title>
            <item identifier="I_A001" identifierref="A001">
                <title><![CDATA[@@course.title]]></title>
                <imsss:sequencing>
                    <imsss:deliveryControls completionSetByContent="true" objectiveSetByContent="true" />
                </imsss:sequencing>
                <adlnav:presentation>
                    <adlnav:navigationInterface>
                        <adlnav:hideLMSUI>previous</adlnav:hideLMSUI>
                        <adlnav:hideLMSUI>continue</adlnav:hideLMSUI>
                        <adlnav:hideLMSUI>exit</adlnav:hideLMSUI>
                        <adlnav:hideLMSUI>exitAll</adlnav:hideLMSUI>
                        <adlnav:hideLMSUI>abandon</adlnav:hideLMSUI>
                        <adlnav:hideLMSUI>abandonAll</adlnav:hideLMSUI>
                        <adlnav:hideLMSUI>suspendAll</adlnav:hideLMSUI>
                    </adlnav:navigationInterface>
                </adlnav:presentation>
            </item>
            <imsss:sequencing>
                <imsss:controlMode choice="true" flow="true" />
            </imsss:sequencing>
        </organization>
    </organizations>
    <resources>
        <resource identifier="A001" type="webcontent" adlcp:scormType="sco" href="index_lms.html" />
    </resources>
</manifest>
